{"inputUnits":[34],"outputUnits":6,"inputs":{"0":{"dtype":"number","min":280.30014238859474,"max":398.85879048129965},"1":{"dtype":"number","min":26.1248481854593,"max":220.29825890970505},"2":{"dtype":"number","min":289.6325160095334,"max":396.0935403031912},"3":{"dtype":"number","min":19.31393584312751,"max":199.78192781147203},"4":{"dtype":"number","min":272.4670350667794,"max":390.9746255558601},"5":{"dtype":"number","min":19.70073466644881,"max":202.4689505950749},"6":{"dtype":"number","min":302.55261962176763,"max":395.24096245421765},"7":{"dtype":"number","min":29.38559727362025,"max":213.86616310878105},"8":{"dtype":"number","min":260.4538913451672,"max":361.3927639669377},"9":{"dtype":"number","min":28.308985897904478,"max":213.5817053722359},"10":{"dtype":"number","min":312.09732204385205,"max":407.7683893095912},"11":{"dtype":"number","min":79.89538860135141,"max":291.4710882532666},"12":{"dtype":"number","min":243.1288378977636,"max":320.61367153889023},"13":{"dtype":"number","min":77.2627349020677,"max":285.92664573624813},"14":{"dtype":"number","min":230.56418138173123,"max":486.3563653600146},"15":{"dtype":"number","min":73.64615814030518,"max":427.4514990615101},"16":{"dtype":"number","min":209.8044769108644,"max":301.32149203711316},"17":{"dtype":"number","min":78.76015795136985,"max":411.81328429580896},"18":{"dtype":"number","min":216.84766594661838,"max":530.1981786538286},"19":{"dtype":"number","min":62.80001991673518,"max":497.585998892087},"20":{"dtype":"number","min":179.00486758345517,"max":296.01216753091495},"21":{"dtype":"number","min":62.26018061647173,"max":457.0231835140354},"22":{"dtype":"number","min":291.83419805753533,"max":389.53558254427844},"23":{"dtype":"number","min":186.10488266972771,"max":491.3471285873918},"24":{"dtype":"number","min":244.63801750197976,"max":331.33033321150094},"25":{"dtype":"number","min":186.16057457282528,"max":495.72306077150336},"26":{"dtype":"number","min":242.93053699515715,"max":462.96027111031157},"27":{"dtype":"number","min":283.73769332558555,"max":543.6723167017886},"28":{"dtype":"number","min":180.46675356740374,"max":349.6210371169895},"29":{"dtype":"number","min":300.82753082929764,"max":549.0228997243543},"30":{"dtype":"number","min":191.03271484375,"max":456.80462009957887},"31":{"dtype":"number","min":334.4119280541849,"max":559.184422892669},"32":{"dtype":"number","min":190.2111388089364,"max":341.9104366785834},"33":{"dtype":"number","min":373.8744207014117,"max":560.21956624111}},"outputs":{"0":{"dtype":"string","min":0,"max":1,"uniqueValues":["1","2","3","4","5","6"],"legend":{"1":[1,0,0,0,0,0],"2":[0,1,0,0,0,0],"3":[0,0,1,0,0,0],"4":[0,0,0,1,0,0],"5":[0,0,0,0,1,0],"6":[0,0,0,0,0,1]}}},"isNormalized":true}