{"inputUnits":[34],"outputUnits":4,"inputs":{"0":{"dtype":"number","min":244.20364469115495,"max":372.8819593165585},"1":{"dtype":"number","min":96.57411422878212,"max":172.36990885892573},"2":{"dtype":"number","min":252.97003733019613,"max":375.88646425838357},"3":{"dtype":"number","min":86.79767155043098,"max":171.81704813044436},"4":{"dtype":"number","min":248.91180146274974,"max":369.7401924951267},"5":{"dtype":"number","min":88.09490597968446,"max":171.27224511338022},"6":{"dtype":"number","min":279.28786164371127,"max":373.16202264083057},"7":{"dtype":"number","min":92.17480397363852,"max":177.5638626425819},"8":{"dtype":"number","min":261.1756312498572,"max":358.3549749363235},"9":{"dtype":"number","min":98.54103177611589,"max":174.33476022344814},"10":{"dtype":"number","min":311.2610368933129,"max":371.45458675035024},"11":{"dtype":"number","min":144.4144768370987,"max":206.8293247631883},"12":{"dtype":"number","min":251.95816010294834,"max":349.77300751743724},"13":{"dtype":"number","min":147.2670396354928,"max":211.01605986061617},"14":{"dtype":"number","min":329.63040535910085,"max":409.1648338273255},"15":{"dtype":"number","min":95.10077909651787,"max":259.1905453702395},"16":{"dtype":"number","min":202.6150137918037,"max":357.559619330988},"17":{"dtype":"number","min":98.76492186131765,"max":251.40249092444105},"18":{"dtype":"number","min":344.786195513333,"max":486.4978550842166},"19":{"dtype":"number","min":48.49572730110867,"max":329.9723473859344},"20":{"dtype":"number","min":132.47362400820845,"max":391.1025911743878},"21":{"dtype":"number","min":45.285294739126456,"max":300.25234371133246},"22":{"dtype":"number","min":302.2446505600481,"max":364.8501509579069},"23":{"dtype":"number","min":265.7093564158062,"max":309.63682178400643},"24":{"dtype":"number","min":255.30101039953396,"max":342.4060183519508},"25":{"dtype":"number","min":262.3916596232334,"max":317.20725343938454},"26":{"dtype":"number","min":313.26207449096916,"max":408.961191158778},"27":{"dtype":"number","min":293.63906592653507,"max":395.12024699131183},"28":{"dtype":"number","min":165.9894358019615,"max":367.7591620551215},"29":{"dtype":"number","min":291.53128105297424,"max":384.16537398250944},"30":{"dtype":"number","min":238.01440382096735,"max":484.2455245644493},"31":{"dtype":"number","min":318.0452879967048,"max":479.8374733729669},"32":{"dtype":"number","min":196.95365682680006,"max":418.48054108796293},"33":{"dtype":"number","min":318.57358103374753,"max":496.9090987831993}},"outputs":{"0":{"dtype":"string","min":0,"max":1,"uniqueValues":["1","2","3","4"],"legend":{"1":[1,0,0,0],"2":[0,1,0,0],"3":[0,0,1,0],"4":[0,0,0,1]}}},"isNormalized":true}