{"inputUnits":[34],"outputUnits":4,"inputs":{"0":{"dtype":"number","min":290.50563284295805,"max":337.0584326552601},"1":{"dtype":"number","min":48.07209751062226,"max":299.54027354368685},"2":{"dtype":"number","min":298.54626966033993,"max":338.4492236131813},"3":{"dtype":"number","min":41.111822741770595,"max":290.4262371695297},"4":{"dtype":"number","min":280.3846679003383,"max":322.6286080938566},"5":{"dtype":"number","min":40.99220937687983,"max":291.68496829027316},"6":{"dtype":"number","min":310.7391666761848,"max":348.91268665098073},"7":{"dtype":"number","min":50.96228289092957,"max":301.03751526473786},"8":{"dtype":"number","min":266.80823372586195,"max":304.9403937564723},"9":{"dtype":"number","min":52.93226929900706,"max":300.2982128805119},"10":{"dtype":"number","min":335.2066010294834,"max":365.5530736971552},"11":{"dtype":"number","min":106.05735079819229,"max":349.82920566729865},"12":{"dtype":"number","min":257.0614914029662,"max":290.3585012335526},"13":{"dtype":"number","min":104.61642527440833,"max":344.0248958595082},"14":{"dtype":"number","min":366.9343569868954,"max":437.04703407213236},"15":{"dtype":"number","min":178.2334450764498,"max":443.57774701034816},"16":{"dtype":"number","min":195.72414762560155,"max":278.36332904897466},"17":{"dtype":"number","min":172.13454337612694,"max":418.07755557649546},"18":{"dtype":"number","min":297.78444539269043,"max":502.78377718860406},"19":{"dtype":"number","min":215.9523310670611,"max":445.14371935154725},"20":{"dtype":"number","min":164.1211330123812,"max":292.0417211580927},"21":{"dtype":"number","min":223.15137271992643,"max":424.2027505796555},"22":{"dtype":"number","min":321.6978818956639,"max":358.98993042245013},"23":{"dtype":"number","min":235.8364187021237,"max":474.64099787364455},"24":{"dtype":"number","min":272.3035572193287,"max":320.2432210821854},"25":{"dtype":"number","min":238.33437557108914,"max":462.7712340475755},"26":{"dtype":"number","min":316.795438056336,"max":432.8045951739157},"27":{"dtype":"number","min":355.33327217920015,"max":519.767557928669},"28":{"dtype":"number","min":207.74267244989642,"max":359.1721277069627},"29":{"dtype":"number","min":350.390900431553,"max":502.624183639913},"30":{"dtype":"number","min":314.89540293435135,"max":396.31298161854284},"31":{"dtype":"number","min":421.9464200560809,"max":556.6626913505688},"32":{"dtype":"number","min":235.94785813002557,"max":357.71464877658417},"33":{"dtype":"number","min":457.21848976774754,"max":556.625098810326}},"outputs":{"0":{"dtype":"string","min":0,"max":1,"uniqueValues":["1","2","3","4"],"legend":{"1":[1,0,0,0],"2":[0,1,0,0],"3":[0,0,1,0],"4":[0,0,0,1]}}},"isNormalized":true}