{"inputUnits":[34],"outputUnits":4,"inputs":{"0":{"dtype":"number","min":313.768879256518,"max":374.79323745935744},"1":{"dtype":"number","min":39.66668614170007,"max":283.6504874127185},"2":{"dtype":"number","min":322.67803259063186,"max":383.0927165070472},"3":{"dtype":"number","min":31.89260739332053,"max":275.05540695339147},"4":{"dtype":"number","min":305.4338195681804,"max":369.83505754675315},"5":{"dtype":"number","min":31.638066401490917,"max":274.47541532460707},"6":{"dtype":"number","min":334.3854690759967,"max":393.9518645585861},"7":{"dtype":"number","min":42.22755863420214,"max":280.0735441657767},"8":{"dtype":"number","min":291.05552331281217,"max":358.3115149752671},"9":{"dtype":"number","min":40.049299533836546,"max":281.45922000877573},"10":{"dtype":"number","min":347.5229946679307,"max":398.5639428627653},"11":{"dtype":"number","min":87.7241072924281,"max":319.74491461443387},"12":{"dtype":"number","min":273.95878366094814,"max":349.15332281101513},"13":{"dtype":"number","min":88.64043654057016,"max":321.1302652042976},"14":{"dtype":"number","min":384.61748744079705,"max":441.1044216341907},"15":{"dtype":"number","min":55.20868312545687,"max":396.7337696454678},"16":{"dtype":"number","min":231.24179832651834,"max":305.78404060348896},"17":{"dtype":"number","min":53.97280211569506,"max":393.407765289961},"18":{"dtype":"number","min":311.7746762876157,"max":432.81561838488363},"19":{"dtype":"number","min":31.136043318066214,"max":400.82679674174585},"20":{"dtype":"number","min":281.24237967745836,"max":331.03205928096065},"21":{"dtype":"number","min":29.658538639894005,"max":393.4252251519097},"22":{"dtype":"number","min":330.5895198948434,"max":382.0509055808738},"23":{"dtype":"number","min":208.7841695744624,"max":419.9488203706797},"24":{"dtype":"number","min":282.4447042900219,"max":336.7537940547712},"25":{"dtype":"number","min":209.18675294396473,"max":433.242769891988},"26":{"dtype":"number","min":336.93695648371823,"max":384.1811220641257},"27":{"dtype":"number","min":306.3385604650189,"max":455.6256308750799},"28":{"dtype":"number","min":222.6644165752924,"max":334.4466740717897},"29":{"dtype":"number","min":256.14633154915555,"max":460.29768573842784},"30":{"dtype":"number","min":336.91549260249144,"max":360.8500861749779},"31":{"dtype":"number","min":370.994622005589,"max":519.9301029971235},"32":{"dtype":"number","min":251.36212800678453,"max":351.64705332259683},"33":{"dtype":"number","min":297.9373200176752,"max":519.3864395186217}},"outputs":{"0":{"dtype":"string","min":0,"max":1,"uniqueValues":["1","2","3","4"],"legend":{"1":[1,0,0,0],"2":[0,1,0,0],"3":[0,0,1,0],"4":[0,0,0,1]}}},"isNormalized":true}