{"inputUnits":[34],"outputUnits":2,"inputs":{"0":{"dtype":"number","min":314.52370299698083,"max":324.17942247892677},"1":{"dtype":"number","min":41.81801749484116,"max":248.67807488692432},"2":{"dtype":"number","min":322.5638245699698,"max":332.32533772786456},"3":{"dtype":"number","min":34.65855232223896,"max":242.13613231279697},"4":{"dtype":"number","min":306.37221843875636,"max":315.5625894706384},"5":{"dtype":"number","min":34.425055371855194,"max":241.6039778800503},"6":{"dtype":"number","min":332.4902772066886,"max":341.9681746871383},"7":{"dtype":"number","min":38.81886264734101,"max":248.7447566874543},"8":{"dtype":"number","min":297.85749706840886,"max":303.8225271362542},"9":{"dtype":"number","min":37.52412286650599,"max":248.47025731850783},"10":{"dtype":"number","min":349.193161635371,"max":358.6865580895258},"11":{"dtype":"number","min":87.27688854433174,"max":292.9453180919149},"12":{"dtype":"number","min":281.97958338330363,"max":290.17035471300863},"13":{"dtype":"number","min":85.251106128358,"max":289.1803882740162},"14":{"dtype":"number","min":377.90636876870315,"max":395.2741561205531},"15":{"dtype":"number","min":140.9522901687473,"max":351.21006777876767},"16":{"dtype":"number","min":246.61886709707753,"max":255.46419318424097},"17":{"dtype":"number","min":137.61106123004043,"max":358.2072601169638},"18":{"dtype":"number","min":337.9428867987025,"max":357.5050435800534},"19":{"dtype":"number","min":151.43100374158595,"max":363.66013941476683},"20":{"dtype":"number","min":280.8319465086939,"max":303.1457561173169},"21":{"dtype":"number","min":149.69931083813046,"max":367.22070586146896},"22":{"dtype":"number","min":334.4551830031486,"max":341.98598434121055},"23":{"dtype":"number","min":190.79859742876613,"max":380.39310150443924},"24":{"dtype":"number","min":287.05495852940726,"max":295.10088766295075},"25":{"dtype":"number","min":192.11806983278507,"max":377.14124936109397},"26":{"dtype":"number","min":338.766314151459,"max":365.92336256834034},"27":{"dtype":"number","min":296.686101247925,"max":406.83085480628654},"28":{"dtype":"number","min":267.7797575536062,"max":298.65655382241886},"29":{"dtype":"number","min":293.5833192940576,"max":400.6298426577919},"30":{"dtype":"number","min":340.3336131224158,"max":378.8091965167843},"31":{"dtype":"number","min":374.41565530341967,"max":431.93863480179397},"32":{"dtype":"number","min":268.3122280187774,"max":296.5228286356489},"33":{"dtype":"number","min":376.95497628076265,"max":415.40461430540324}},"outputs":{"0":{"dtype":"string","min":0,"max":1,"uniqueValues":["1","2"],"legend":{"1":[1,0],"2":[0,1]}}},"isNormalized":true}