{"inputUnits":[34],"outputUnits":6,"inputs":{"0":{"dtype":"number","min":306.18179707964026,"max":358.0110807957937},"1":{"dtype":"number","min":34.844541196469905,"max":211.13453409592773},"2":{"dtype":"number","min":314.27779824180675,"max":395.2614966795923},"3":{"dtype":"number","min":26.421846088610195,"max":179.31936667444177},"4":{"dtype":"number","min":296.83410971717757,"max":334.0231739661382},"5":{"dtype":"number","min":25.438239560489762,"max":177.89286384805598},"6":{"dtype":"number","min":326.51567187690364,"max":421.84782953987343},"7":{"dtype":"number","min":32.156853926809205,"max":196.0079135113989},"8":{"dtype":"number","min":275.6810955322741,"max":321.59504568832426},"9":{"dtype":"number","min":31.20802435029087,"max":197.70589237324674},"10":{"dtype":"number","min":343.12274003354196,"max":466.8668316400539},"11":{"dtype":"number","min":80.36223301878215,"max":312.7378384179307},"12":{"dtype":"number","min":237.5444979602598,"max":304.9948631717912},"13":{"dtype":"number","min":78.05705332616617,"max":317.74663200155334},"14":{"dtype":"number","min":348.99375989887915,"max":493.82548133299827},"15":{"dtype":"number","min":132.22988433540448,"max":522.7340436492979},"16":{"dtype":"number","min":181.33756269488418,"max":295.33213981643286},"17":{"dtype":"number","min":128.90189247056986,"max":519.6452408134356},"18":{"dtype":"number","min":351.78458944398756,"max":480.2828645613226},"19":{"dtype":"number","min":72.17257137187042,"max":517.8161522937796},"20":{"dtype":"number","min":180.2954509058426,"max":295.2050763403463},"21":{"dtype":"number","min":85.02330281813474,"max":520.4751201726307},"22":{"dtype":"number","min":339.05641719379383,"max":440.69240607248645},"23":{"dtype":"number","min":206.61193907144707,"max":537.706262465806},"24":{"dtype":"number","min":261.80426911768626,"max":300.01193851523},"25":{"dtype":"number","min":203.14479894805373,"max":553.425046091656},"26":{"dtype":"number","min":279.2181170428241,"max":441.73201354623535},"27":{"dtype":"number","min":300.1835488064712,"max":553.3522685090003},"28":{"dtype":"number","min":198.0152533161245,"max":304.14396497938367},"29":{"dtype":"number","min":297.42477565713324,"max":552.2435244435687},"30":{"dtype":"number","min":270.6994170845136,"max":436.6621293333771},"31":{"dtype":"number","min":389.32785123412367,"max":559.6718234532525},"32":{"dtype":"number","min":208.35928457754628,"max":300.0666605334068},"33":{"dtype":"number","min":398.8357652883548,"max":561.3143757305182}},"outputs":{"0":{"dtype":"string","min":0,"max":1,"uniqueValues":["1","2","3","4","5","6"],"legend":{"1":[1,0,0,0,0,0],"2":[0,1,0,0,0,0],"3":[0,0,1,0,0,0],"4":[0,0,0,1,0,0],"5":[0,0,0,0,1,0],"6":[0,0,0,0,0,1]}}},"isNormalized":true}