{"inputUnits":[34],"outputUnits":6,"inputs":{"0":{"dtype":"number","min":265.58596783911275,"max":358.95039735016996},"1":{"dtype":"number","min":31.64291946976273,"max":245.59472929896896},"2":{"dtype":"number","min":273.95817092984737,"max":369.7126291137457},"3":{"dtype":"number","min":22.324321665029544,"max":226.1558720103481},"4":{"dtype":"number","min":256.0784367789999,"max":351.0904216208653},"5":{"dtype":"number","min":20.5430718286228,"max":226.31764551352336},"6":{"dtype":"number","min":288.7371100412707,"max":381.8948527851067},"7":{"dtype":"number","min":28.25918275710434,"max":246.1192842301337},"8":{"dtype":"number","min":247.09510728862085,"max":340.34365016349807},"9":{"dtype":"number","min":26.171765541240248,"max":242.3942330938566},"10":{"dtype":"number","min":310.7034819307383,"max":396.08364201893346},"11":{"dtype":"number","min":84.87784997296845,"max":333.7199696323328},"12":{"dtype":"number","min":229.26631221064812,"max":316.6150967187119},"13":{"dtype":"number","min":80.56094996878045,"max":330.7866753472222},"14":{"dtype":"number","min":352.9438689531174,"max":466.0171925208257},"15":{"dtype":"number","min":85.31773974323829,"max":470.8668503194292},"16":{"dtype":"number","min":185.13053670961256,"max":270.10440878468415},"17":{"dtype":"number","min":73.96712275276406,"max":485.91366416529604},"18":{"dtype":"number","min":296.44468906097705,"max":513.9814791019433},"19":{"dtype":"number","min":73.7052926403737,"max":528.474633884244},"20":{"dtype":"number","min":183.71146962424234,"max":330.865087081582},"21":{"dtype":"number","min":71.68975116216649,"max":525.2676266675804},"22":{"dtype":"number","min":308.4132596437926,"max":376.0728888855575},"23":{"dtype":"number","min":221.36447794953284,"max":535.1287776359572},"24":{"dtype":"number","min":240.3602096676594,"max":310.2307390655458},"25":{"dtype":"number","min":222.94461672301412,"max":538.166605705871},"26":{"dtype":"number","min":323.5287811695716,"max":411.28138729935733},"27":{"dtype":"number","min":274.0690270734344,"max":540.5673016999897},"28":{"dtype":"number","min":230.71643316257766,"max":325.157158388729},"29":{"dtype":"number","min":279.00622094583787,"max":548.5419617294103},"30":{"dtype":"number","min":316.5227825320952,"max":394.8906194675735},"31":{"dtype":"number","min":312.2298623246756,"max":557.4131658899853},"32":{"dtype":"number","min":235.25816413626566,"max":322.33047455607334},"33":{"dtype":"number","min":352.6475581416377,"max":557.4047589813291}},"outputs":{"0":{"dtype":"string","min":0,"max":1,"uniqueValues":["1","2","3","4","5","6"],"legend":{"1":[1,0,0,0,0,0],"2":[0,1,0,0,0,0],"3":[0,0,1,0,0,0],"4":[0,0,0,1,0,0],"5":[0,0,0,0,1,0],"6":[0,0,0,0,0,1]}}},"isNormalized":true}