{"inputUnits":[34],"outputUnits":3,"inputs":{"0":{"dtype":"number","min":289.82837937263946,"max":333.5408582185444},"1":{"dtype":"number","min":45.15410008718628,"max":56.570664493196404},"2":{"dtype":"number","min":298.4192147357189,"max":341.14331191510945},"3":{"dtype":"number","min":37.21789473446256,"max":49.62572659200626},"4":{"dtype":"number","min":282.5962508352179,"max":325.92932569120825},"5":{"dtype":"number","min":38.19555509392512,"max":48.1408197652062},"6":{"dtype":"number","min":311.6848261128624,"max":352.30636507447},"7":{"dtype":"number","min":44.53555488214623,"max":56.80045739484345},"8":{"dtype":"number","min":274.3098315858004,"max":316.1292488440203},"9":{"dtype":"number","min":44.492501004165135,"max":55.298102603785935},"10":{"dtype":"number","min":327.8725524069505,"max":367.6604516696744},"11":{"dtype":"number","min":96.12059803269295,"max":105.07256996794285},"12":{"dtype":"number","min":260.32956976639593,"max":299.99337525395623},"13":{"dtype":"number","min":92.59243137887577,"max":101.94200214586758},"14":{"dtype":"number","min":336.93580121789523,"max":380.3701333088717},"15":{"dtype":"number","min":148.18493818911426,"max":165.7933844553332},"16":{"dtype":"number","min":232.72489848889802,"max":281.1172553763287},"17":{"dtype":"number","min":133.44646610014618,"max":166.98350456490618},"18":{"dtype":"number","min":330.6809661448815,"max":383.66458558199696},"19":{"dtype":"number","min":173.69659780758863,"max":225.45287193610653},"20":{"dtype":"number","min":237.96855710868016,"max":301.4122021175035},"21":{"dtype":"number","min":108.39359038057381,"max":239.26941274899485},"22":{"dtype":"number","min":283.3202515243322,"max":356.14314802441214},"23":{"dtype":"number","min":206.72051323784723,"max":216.24103895637256},"24":{"dtype":"number","min":278.5399057339971,"max":305.7219138340643},"25":{"dtype":"number","min":209.56817924395403,"max":224.68483610692311},"26":{"dtype":"number","min":293.9451893588953,"max":413.19762707686095},"27":{"dtype":"number","min":255.77401441905,"max":322.16584144279966},"28":{"dtype":"number","min":291.62226091351425,"max":309.4031023467958},"29":{"dtype":"number","min":288.10676857277195,"max":335.9630574306317},"30":{"dtype":"number","min":307.98304150676165,"max":403.3636605483979},"31":{"dtype":"number","min":287.7515760871634,"max":419.010913990162},"32":{"dtype":"number","min":280.9678983037699,"max":326.7438690007081},"33":{"dtype":"number","min":406.7995620935748,"max":423.42620284469035}},"outputs":{"0":{"dtype":"string","min":0,"max":1,"uniqueValues":["1","2","3"],"legend":{"1":[1,0,0],"2":[0,1,0],"3":[0,0,1]}}},"isNormalized":true}