{"inputUnits":[34],"outputUnits":6,"inputs":{"0":{"dtype":"number","min":301.51394001921716,"max":376.6256374782986},"1":{"dtype":"number","min":-2.3389321786386006,"max":255.81189042178744},"2":{"dtype":"number","min":307.3629814281798,"max":396.5742647345768},"3":{"dtype":"number","min":4.744973582366285,"max":223.92167238231752},"4":{"dtype":"number","min":297.3113121345029,"max":373.18719577603406},"5":{"dtype":"number","min":4.6797540080942355,"max":228.3446176986248},"6":{"dtype":"number","min":319.10734637671277,"max":430.79767000373107},"7":{"dtype":"number","min":2.1145705730594386,"max":245.15670865599873},"8":{"dtype":"number","min":289.3560814811007,"max":350.6350416514376},"9":{"dtype":"number","min":-0.273058130959555,"max":255.97278617278874},"10":{"dtype":"number","min":342.52234683864066,"max":481.1617363823784},"11":{"dtype":"number","min":29.05761123865436,"max":359.92910559879175},"12":{"dtype":"number","min":273.60898975275643,"max":350.21167182550556},"13":{"dtype":"number","min":27.89479871009989,"max":352.2048753883406},"14":{"dtype":"number","min":344.8431586847435,"max":545.0527632863898},"15":{"dtype":"number","min":81.49586950826364,"max":539.4583143267715},"16":{"dtype":"number","min":190.26049757096735,"max":366.43864384403935},"17":{"dtype":"number","min":52.874986674585756,"max":507.34292073091797},"18":{"dtype":"number","min":315.5810993038423,"max":528.9138371577272},"19":{"dtype":"number","min":82.31244330750107,"max":546.3247746101364},"20":{"dtype":"number","min":182.40764684844433,"max":383.81530137089953},"21":{"dtype":"number","min":64.53336362485533,"max":539.5140605130855},"22":{"dtype":"number","min":352.83092298005755,"max":473.9621846159996},"23":{"dtype":"number","min":162.0261958607456,"max":554.7342653627749},"24":{"dtype":"number","min":282.58721245659723,"max":358.70646129109934},"25":{"dtype":"number","min":210.06604170473923,"max":552.6803142703765},"26":{"dtype":"number","min":316.73895317211486,"max":462.61088856479574},"27":{"dtype":"number","min":274.70313951518335,"max":552.1830074317738},"28":{"dtype":"number","min":272.61348017939815,"max":404.4104676125807},"29":{"dtype":"number","min":328.44723350123354,"max":554.1775536490695},"30":{"dtype":"number","min":345.493835092288,"max":458.22773983604026},"31":{"dtype":"number","min":420.53419919971367,"max":559.0717098169159},"32":{"dtype":"number","min":275.8051768520422,"max":378.95231906898306},"33":{"dtype":"number","min":416.3423207303469,"max":559.8648254216065}},"outputs":{"0":{"dtype":"string","min":0,"max":1,"uniqueValues":["1","2","3","4","5","6"],"legend":{"1":[1,0,0,0,0,0],"2":[0,1,0,0,0,0],"3":[0,0,1,0,0,0],"4":[0,0,0,1,0,0],"5":[0,0,0,0,1,0],"6":[0,0,0,0,0,1]}}},"isNormalized":true}