{"inputUnits":[34],"outputUnits":3,"inputs":{"0":{"dtype":"number","min":302.30953610663755,"max":348.9302440739979},"1":{"dtype":"number","min":70.32507110060305,"max":186.68485823662888},"2":{"dtype":"number","min":315.29372930991485,"max":356.39958164148163},"3":{"dtype":"number","min":60.50353104143346,"max":179.2444320961281},"4":{"dtype":"number","min":300.01891792401466,"max":345.81763611434724},"5":{"dtype":"number","min":60.96129203632793,"max":178.2411178975542},"6":{"dtype":"number","min":327.64411970885874,"max":365.6764307449668},"7":{"dtype":"number","min":65.09988468757615,"max":187.45785540307475},"8":{"dtype":"number","min":295.58256182754246,"max":331.84373227244},"9":{"dtype":"number","min":67.81139470448036,"max":184.88956979376064},"10":{"dtype":"number","min":329.2934437058357,"max":387.1770109953703},"11":{"dtype":"number","min":117.2784035665947,"max":231.717930249071},"12":{"dtype":"number","min":285.9821752358598,"max":329.5624124329922},"13":{"dtype":"number","min":115.59641460693834,"max":229.25392136006792},"14":{"dtype":"number","min":322.90018003586437,"max":460.5825561761391},"15":{"dtype":"number","min":135.14506170856558,"max":234.61522866410814},"16":{"dtype":"number","min":223.10423257987634,"max":319.0854524683069},"17":{"dtype":"number","min":135.05957382231892,"max":229.7925244902077},"18":{"dtype":"number","min":305.10115119681257,"max":473.9637622498629},"19":{"dtype":"number","min":86.87592564038133,"max":246.09852632816308},"20":{"dtype":"number","min":213.24010242960372,"max":360.073677940443},"21":{"dtype":"number","min":86.6227570472405,"max":245.34350835789013},"22":{"dtype":"number","min":298.6590177599217,"max":369.943791737101},"23":{"dtype":"number","min":222.84034654643335,"max":335.77703345821146},"24":{"dtype":"number","min":291.43070510953487,"max":336.0045821578414},"25":{"dtype":"number","min":219.5544875853243,"max":337.97991025749934},"26":{"dtype":"number","min":303.543666371128,"max":476.3928401121619},"27":{"dtype":"number","min":318.28642787524365,"max":360.82429183156864},"28":{"dtype":"number","min":219.71221864339668,"max":364.2360998083044},"29":{"dtype":"number","min":317.1438206009,"max":363.48088939287504},"30":{"dtype":"number","min":314.73719725134777,"max":433.2701280381944},"31":{"dtype":"number","min":407.7077860395346,"max":438.29205310367934},"32":{"dtype":"number","min":240.973930135805,"max":331.773477000335},"33":{"dtype":"number","min":408.84656582659443,"max":444.9368904812759}},"outputs":{"0":{"dtype":"string","min":0,"max":1,"uniqueValues":["1","2","3"],"legend":{"1":[1,0,0],"2":[0,1,0],"3":[0,0,1]}}},"isNormalized":true}